To	To	p-acp	To	to	0
the	the	dt	the	the	0
vertuous	vertuous	j	virtuous	virtuous	0
Gentlemen	Gentlemen	n2	Gentlemen	gentleman	0
Mr.	Mr.	n1	Mr.	mr.	0
Nicholas	Nicholas	np1	Nicholas	Nicholas	0
Bacon	Bacon	n1	Bacon	bacon	0
,	,	,	,	,	0
Mr.	Mr.	n1	Mr.	mr.	0
Phillip	Phillip	np1	Phillip	Phillip	0
Bacon	Bacon	n1	Bacon	bacon	0
,	,	,	,	,	0
Mr.	Mr.	n1	Mr.	mr.	0
Nathaniell	Nathaniell	np1	Nathaniell	Nathaniel	0
Bacon	Bacon	n1	Bacon	bacon	0
,	,	,	,	,	0
and	and	cc	and	and	0
Mr.	Mr.	n1	Mr.	mr.	0
Lionell	Lionell	np1	Lionell	Lionel	0
Bacon	Bacon	n1	Bacon	bacon	0
,	,	,	,	,	0
Sonnes	Sonnes	n2	Sons	son	0
to	to	p-acp	to	to	0
the	the	dt	the	the	0
Worshipfull	Worshipfull	j	Worshipful	worshipful	0
Mr.	Mr.	n1	Mr.	mr.	1
Edward	Edward	np1	Edward	Edward	0
Bacon	Bacon	n1	Bacon	bacon	0
Esquire	Esquire	n1	Esquire	esquire	0
,	,	,	,	,	0
Henry	Henry	np1	Henry	Henry	0
Youll	Youll	pn22|vmb	Youll	you|will	0
wisheth	wisheth	vvz	wishes	wish	0
all	all	av-d	all	all	0
happi	happi	fw-la	happi	happi	0
∣	∣	sy	∣	∣	0
nesse	nesse	n1	ness	ness	0
both	both	d	both	both	0
heere	heere	av	here	here	0
and	and	cc	and	and	0
heereafter	heereafter	av	hereafter	hereafter	0
.	.	.	.	.	1
