Thomas	Thomas	np1	Thomas	Thomas	0
Milward	Milward	np1	Milward	Milward	0
Knight	Knight	n1	Knight	knight	0
,	,	,	,	,	0
Chiefe	Chiefe	j-jn	Chief	chief	0
Iustice	Iustice	n1	Justice	justice	0
of	of	pp-f	of	of	0
Chester	Chester	np1	Chester	Chester	0
.	.	.	.	.	1
Marmaduke	Marmaduke	np1	Marmaduke	Marmaduke	0
LLoyd	LLoyd	vvd	LLoyd	lloyd	0
Knight	Knight	n1	Knight	knight	0
.	.	.	.	.	1
Richard	Richard	np1	Richard	Richard	0
Price	Price	n1	Price	price	0
K.	K.	n1	K.	king	0
Baronet	Baronet	n1	Baronet	baronet	0
.	.	.	.	.	1
James	James	np1	James	James	0
Price	Price	n1	Price	price	0
Knight	Knight	n1	Knight	knight	0
.	.	.	.	.	1
Sampson	Sampson	np1	Sampson	Samson	0
Eure	Eure	fw-ge	Eure	eure	0
Knight	Knight	n1	Knight	knight	0
.	.	.	.	.	1
Iohn	Iohn	np1	Iohn	John	0
Lewis	Lewis	np1	Lewis	Lewis	0
Knight	Knight	n1	Knight	knight	0
.	.	.	.	.	1
Timothy	Timothy	np1	Timothy	Timothy	0
Turnor	Turnor	n1	Turnor	turnor	0
Esquire	Esquire	n1	Esquire	esquire	0
.	.	.	.	.	1
I.	I.	np1	I.	I.	0
Littleton	Littleton	np1	Littleton	Littleton	0
Esq.	Esq.	np1	Esq.	Esq.	0
Walter	Walter	np1	Walter	Walter	0
LLoyd	LLoyd	vvn	LLoyd	lloyd	0
Esq.	Esq.	np1	Esq.	Esq.	1
Thomas	Thomas	np1	Thomas	Thomas	0
Price	Price	n1	Price	price	0
Esq.	Esq.	np1	Esq.	Esq.	0
Robert	Robert	np1	Robert	Robert	0
Corbet	Corbet	np1	Corbet	Corbet	0
Esq.	Esq.	np1	Esq.	Esq.	0
Evan	Evan	np1	Evan	Evan	0
Gwin	Gwin	np1	Gwin	Gwin	0
Esq.	Esq.	np1	Esq.	Esq.	0
Morgan	Morgan	np1	Morgan	Morgan	0
Herbert	Herbert	np1	Herbert	Herbert	0
Esq.	Esq.	np1	Esq.	Esq.	0
Iohn	Iohn	np1	Iohn	John	0
Ʋaughan	Ʋaughan	np1	Ʋaughan	Ʋaughan	0
Esq.	Esq.	np1	Esq.	Esq.	0
Vincent	Vincent	np1	Vincent	Vincent	0
Corbet	Corbet	np1	Corbet	Corbet	0
Esq.	Esq.	np1	Esq.	Esq.	0
Humfrey	Humfrey	np1	Humfrey	Humphrey	0
Greene	Greene	np1	Greene	Greene	0
Esq.	Esq.	np1	Esq.	Esq.	1
Iohn	Iohn	np1	Iohn	John	0
LLoyd	LLoyd	vvd	LLoyd	lloyd	0
Esq.	Esq.	np1	Esq.	Esq.	1
David	David	np1	David	David	0
LLoyd	LLoyd	np1	LLoyd	LLoyd	0
ap	ap	fw-mi	ap	ap	0
Reigh	Reigh	np1	Reigh	Reigh	0
∣	∣	sy	∣	∣	0
nald	nald	vvn	nald	nald	0
Esq.	Esq.	np1	Esq.	Esq.	0
Thomas	Thomas	np1	Thomas	Thomas	0
Phillips	Phillips	np1	Phillips	Phillips	0
Esq.	Esq.	np1	Esq.	Esq.	0
Iohn	Iohn	np1	Iohn	John	0
Edmund	Edmund	np1	Edmund	Edmund	0
Esq.	Esq.	np1	Esq.	Esq.	1
Hugh	Hugh	np1	Hugh	Hugh	0
LLoyd	LLoyd	vvd	LLoyd	lloyd	0
Gentlem.	Gentlem.	np1	Gentlem.	Gentlem.	0
David	David	np1	David	David	0
Rees	Rees	np1	Rees	Rees	0
Gent.	Gent.	n1	Gent.	gentleman	1
Iohn	Iohn	np1	Iohn	John	0
Bowen	Bowen	np1	Bowen	Bowen	0
Gent.	Gent.	n1	Gent.	gentleman	0
William	William	np1	William	William	0
Watkin	Watkin	np1	Watkin	Watkin	0
Gent.	Gent.	n1	Gent.	gentleman	0
Iohn	Iohn	np1	Iohn	John	0
Meredith	Meredith	np1	Meredith	Meredith	0
Gent.	Gent.	n1	Gent.	gentleman	0
Iames	Iames	np1	Iames	Iames	0
Kegitt	Kegitt	np1	Kegitt	Kegitt	0
Gent.	Gent.	n1	Gent.	gentleman	1
