To	To	p-acp	To	to	0
the	the	dt	the	the	0
Much	Much	d	Much	much	0
Honoured	Honoured	j-vvn	Honoured	honour	0
,	,	,	,	,	0
Robert	Robert	np1	Robert	Robert	0
Constable	Constable	n1	Constable	constable	0
,	,	,	,	,	0
Esq	Esq	np1	Esq	Esq	0
Dr.	Dr.	n1	Dr.	dr.	0
Tho.	Tho.	np1	Tho.	Tho.	0
West	West	n1	West	west	0
.	.	.	.	.	1
Mr.	Mr.	n1	Mr.	mr.	0
Humphry	Humphry	np1	Humphry	Humphrey	0
Dene	Dene	zz	Dene	dene	0
.	.	.	.	.	1
Mr.	Mr.	n1	Mr.	mr.	0
Iohn	Iohn	np1	Iohn	John	0
Bernard	Bernard	np1	Bernard	Bernard	0
.	.	.	.	.	1
Mr.	Mr.	n1	Mr.	mr.	0
Richard	Richard	np1	Richard	Richard	0
Beaumont	Beaumont	np1	Beaumont	Beaumont	0
.	.	.	.	.	1
Mr.	Mr.	n1	Mr.	mr.	0
Tho.	Tho.	np1	Tho.	Tho.	0
Hussey	Hussey	np1	Hussey	Hussey	0
.	.	.	.	.	1
Mr.	Mr.	n1	Mr.	mr.	0
Henry	Henry	np1	Henry	Henry	0
Smith	Smith	n1	Smith	smith	0
.	.	.	.	.	1
Mr.	Mr.	n1	Mr.	mr.	0
Matthew	Matthew	np1	Matthew	Matthew	0
Shore	Shore	n1	Shore	shore	0
.	.	.	.	.	1
Mr.	Mr.	n1	Mr.	mr.	0
Tho.	Tho.	np1	Tho.	Tho.	0
Burnand	Burnand	np1	Burnand	Burnand	0
.	.	.	.	.	1
Mr.	Mr.	n1	Mr.	mr.	0
Matthi	Matthi	np1	Matthi	Matthi	0
.	.	.	.	.	1
Hickeringill	Hickeringill	np1	Hickeringill	Hickeringill	0
.	.	.	.	.	1
Mr.	Mr.	n1	Mr.	mr.	0
Ioseph	Ioseph	np1	Ioseph	Joseph	0
Grace	Grace	n1	Grace	grace	0
.	.	.	.	.	1
Mr.	Mr.	n1	Mr.	mr.	0
George	George	np1	George	George	0
Guy	Guy	np1	Guy	Guy	0
.	.	.	.	.	1
Stewards	Stewards	ng1	Stewards	steward	0
of	of	pp-f	of	of	0
the	the	dt	the	the	0
Late	Late	j	Late	late	0
Feast	Feast	n1	Feast	feast	0
of	of	pp-f	of	of	0
the	the	dt	the	the	0
Sons	Sons	n2	Sons	son	0
of	of	pp-f	of	of	0
the	the	dt	the	the	0
Clergy	Clergy	n1	Clergy	clergy	0
.	.	.	.	.	1
