GEORGE	GEORGE	np1	GEORGE	George	0
WALKER	WALKER	np1	WALKER	Walker	0
John	John	np1	John	John	0
Michelbourn	Michelbourn	np1	Michelbourn	Michelbourn	0
Richard	Richard	np1	Richard	Richard	0
Crofton	Crofton	np1	Crofton	Crofton	0
Thomas	Thomas	np1	Thomas	Thomas	0
Lane	Lane	n1	Lane	lane	0
Hugh	Hugh	np1	Hugh	Hugh	0
Hamill	Hamill	np1	Hamill	Hamill	0
Charles	Charles	np1	Charles	Charles	0
Kinaston	Kinaston	np1	Kinaston	Kinaston	0
William	William	np1	William	William	0
Campbell	Campbell	np1	Campbell	Campbell	0
Gervase	Gervase	np1	Gervase	Gervase	0
Squire	Squire	n1	Squire	squire	0
Henry	Henry	np1	Henry	Henry	0
Monry	Monry	np1	Monry	Monry	0
Henry	Henry	np1	Henry	Henry	0
Campsie	Campsie	np1	Campsie	Campsie	0
Adam	Adam	np1	Adam	Adam	0
Morrow	Morrow	n1	Morrow	morrow	0
John	John	np1	John	John	0
Dobbin	Dobbin	np1	Dobbin	Dobbin	0
Alexander	Alexander	np1	Alexander	Alexander	0
Steward	Steward	n1	Steward	steward	0
Thomas	Thomas	np1	Thomas	Thomas	0
Gughtredge	Gughtredge	np1	Gughtredge	Gughtredge	0
Thomas	Thomas	np1	Thomas	Thomas	0
Johnston	Johnston	np1	Johnston	Johnston	0
Thomas	Thomas	np1	Thomas	Thomas	0
Newcomen	Newcomen	vvn	Newcomen	newcomen	0
Edward	Edward	np1	Edward	Edward	0
Davyes	Davyes	vvz	Davyes	davye	0
John	John	np1	John	John	0
Hamilton	Hamilton	np1	Hamilton	Hamilton	0
Thomas	Thomas	np1	Thomas	Thomas	0
Ash	Ash	np1	Ash	Ash	0
Robert	Robert	np1	Robert	Robert	0
Boyd	Boyd	np1	Boyd	Boyd	0
Ralph	Ralph	np1	Ralph	Ralph	0
Fullerton	Fullerton	np1	Fullerton	Fullerton	0
Michael	Michael	np1	Michael	Michael	0
Cunningham	Cunningham	np1	Cunningham	Cunningham	0
Joseph	Joseph	np1	Joseph	Joseph	0
Johnston	Johnston	np1	Johnston	Johnston	0
Robert	Robert	np1	Robert	Robert	0
Bayley	Bayley	np1	Bayley	Bayley	0
William	William	np1	William	William	0
Grove	Grove	n1	Grove	grove	0
John	John	np1	John	John	0
Mc	Mc	np1	Mc	Mc	0
Clelland	Clelland	np1	Clelland	Clelland	0
James	James	np1	James	James	0
Graham	Graham	np1	Graham	Graham	0
William	William	np1	William	William	0
Thompson	Thompson	np1	Thompson	Thompson	0
James	James	np1	James	James	0
Young	Young	j	Young	young	0
Richard	Richard	np1	Richard	Richard	0
Cormach	Cormach	np1	Cormach	Cormach	0
Oliver	Oliver	np1	Oliver	Oliver	0
Apton	Apton	np1	Apton	Apton	0
Alex.	Alex.	np1	Alex.	Alex.	1
Knox	Knox	np1	Knox	Knox	0
Patt	Patt	np1	Patt	Patt	0
Moore	Moore	n1	More	moor	0
John	John	np1	John	John	0
Humes	Humes	np1	Humes	Humes	0
Robert	Robert	np1	Robert	Robert	0
Dennison	Dennison	np1	Dennison	Dennison	0
Marmaduke	Marmaduke	np1	Marmaduke	Marmaduke	0
Stewart	Stewart	np1	Stewart	Stewart	0
James	James	np1	James	James	0
Fleming	Fleming	np1	Fleming	Fleming	0
Andrew	Andrew	np1	Andrew	Andrew	0
Grigson	Grigson	np1	Grigson	Grigson	0
Christopher	Christopher	np1	Christopher	Christopher	0
Jenny	Jenny	np1	Jenny	Jenny	0
Thomas	Thomas	np1	Thomas	Thomas	0
Smyth	Smyth	np1	Smyth	Smyth	0
Bartholomew	Bartholomew	np1	Bartholomew	Bartholomew	0
Black	Black	np1	Black	Black	0
John	John	np1	John	John	0
Campbell	Campbell	np1	Campbell	Campbell	0
Robert	Robert	np1	Robert	Robert	0
Morgan	Morgan	np1	Morgan	Morgan	0
Michael	Michael	np1	Michael	Michael	0
Clenaghan	Clenaghan	np1	Clenaghan	Clenaghan	0
Richard	Richard	np1	Richard	Richard	0
Fane	Fane	np1	Fane	Fane	0
Stephen	Stephen	np1	Stephen	Stephen	0
Godfrey	Godfrey	np1	Godfrey	Godfrey	0
William	William	np1	William	William	0
Hamilton	Hamilton	np1	Hamilton	Hamilton	0
Robert	Robert	np1	Robert	Robert	0
Rogers	Rogers	np1	Rogers	Rogers	0
Jame	Jame	np1	Jame	Jame	0
Galtworth	Galtworth	np1	Galtworth	Galtworth	0
Richard	Richard	np1	Richard	Richard	0
Islen	Islen	np1	Islen	Islen	0
Arthur	Arthur	np1	Arthur	Arthur	0
Hamilton	Hamilton	np1	Hamilton	Hamilton	0
Michael	Michael	np1	Michael	Michael	0
Rullack	Rullack	np1	Rullack	Rullack	0
James	James	np1	James	James	0
Stiles	Stiles	vvz	Stile	still	0
James	James	np1	James	James	0
Cunningham	Cunningham	np1	Cunningham	Cunningham	0
Archibald	Archibald	np1	Archibald	Archibald	0
Mc.	Mc.	np1	Mc.	Mc.	0
Culloch	Culloch	np1	Culloch	Culloch	0
Francis	Francis	np1	Francis	Francis	0
Obre	Obre	np1	Obre	Obre	0
Alexander	Alexander	np1	Alexander	Alexander	0
Sanderson	Sanderson	np1	Sanderson	Sanderson	0
Archibald	Archibald	np1	Archibald	Archibald	0
Sanderson	Sanderson	np1	Sanderson	Sanderson	0
Arthur	Arthur	np1	Arthur	Arthur	0
Noble	Noble	j	Noble	noble	0
Philip	Philip	np1	Philip	Philip	0
Dunbarr	Dunbarr	np1	Dunbarr	Dunbar	0
George	George	np1	George	George	0
White	White	np1	White	White	0
Thomas	Thomas	np1	Thomas	Thomas	0
White	White	np1	White	White	0
Ja.	Ja.	np1	Ja.	Ja.	1
Gledstanes	Gledstanes	np1	Gledstanes	Gledstanes	0
John	John	np1	John	John	0
Maghlin	Maghlin	np1	Maghlin	Maghlin	0
James	James	np1	James	James	0
Tracy	Tracy	np1	Tracy	Tracy	0
John	John	np1	John	John	0
Halshton	Halshton	np1	Halshton	Halshton	0
Joseph	Joseph	np1	Joseph	Joseph	0
Gordon	Gordon	np1	Gordon	Gordon	0
James	James	np1	James	James	0
Hairs	Hairs	n2	Hairs	hair	0
Andrew	Andrew	np1	Andrew	Andrew	0
Hamilton	Hamilton	np1	Hamilton	Hamilton	0
Adam	Adam	np1	Adam	Adam	0
Ardock	Ardock	np1	Ardock	Ardock	0
Robert	Robert	np1	Robert	Robert	0
Wallace	Wallace	np1	Wallace	Wallace	0
George	George	np1	George	George	0
Church	Church	n1	Church	church	0
Richard	Richard	np1	Richard	Richard	0
Flemin	Flemin	np1	Flemin	Flemin	0
Henry	Henry	np1	Henry	Henry	0
Cust	Cust	np1	Cust	Cust	0
John	John	np1	John	John	0
Crofton	Crofton	np1	Crofton	Crofton	0
Benjamin	Benjamin	np1	Benjamin	Benjamin	0
Wilkins	Wilkins	np1	Wilkins	Wilkins	0
Thomas	Thomas	np1	Thomas	Thomas	0
Lane	Lane	n1	Lane	lane	0
James	James	np1	James	James	0
Blair	Blair	np1	Blair	Blair	0
Dudley	Dudley	np1	Dudley	Dudley	0
Phillips	Phillips	np1	Phillips	Phillips	0
John	John	np1	John	John	0
Buchanan	Buchanan	np1	Buchanan	Buchanan	0
Edward	Edward	np1	Edward	Edward	0
Curling	Curling	vvg	Curling	curl	0
William	William	np1	William	William	0
Church	Church	n1	Church	church	0
Dalway	Dalway	np1	Dalway	Dalway	0
Clements	Clements	np1	Clements	Clements	0
Albert	Albert	np1	Albert	Albert	0
Hall	Hall	n1	Hall	hall	0
Matthew	Matthew	np1	Matthew	Matthew	0
Cocken	Cocken	fw-mi	Cocken	cocken	0
Thomas	Thomas	np1	Thomas	Thomas	0
Brunett	Brunett	np1	Brunett	Brunett	0
William	William	np1	William	William	0
Stewart	Stewart	np1	Stewart	Stewart	0
Franc.	Franc.	np1	Franc.	Franc.	0
Wilson	Wilson	np1	Wilson	Wilson	0
Matt.	Matt.	np1	Matt.	Matt.	0
Mc.	Mc.	np1	Mc.	Mc.	0
Clellany	Clellany	n1	Clellany	clellany	0
George	George	np1	George	George	0
Crofton	Crofton	np1	Crofton	Crofton	0
William	William	np1	William	William	0
Babington	Babington	np1	Babington	Babington	0
Robert	Robert	np1	Robert	Robert	0
King	King	n1	King	king	0
John	John	np1	John	John	0
Logan	Logan	np1	Logan	Logan	0
Alexander	Alexander	np1	Alexander	Alexander	0
Rankin	Rankin	np1	Rankin	Rankin	0
Edmund	Edmund	np1	Edmund	Edmund	0
Rice	Rice	n1	Rice	rice	0
Robert	Robert	np1	Robert	Robert	0
Walker	Walker	np1	Walker	Walker	0
James	James	np1	James	James	0
Mc.	Mc.	np1	Mc.	Mc.	0
Carmick	Carmick	np1	Carmick	Carmick	0
John	John	np1	John	John	0
Cochran	Cochran	np1	Cochran	Cochran	0
James	James	np1	James	James	0
Mc.	Mc.	np1	Mc.	Mc.	0
Cartny	Cartny	np1	Cartny	Cartny	0
Warren	Warren	n1	Warren	warren	0
Godfrey	Godfrey	np1	Godfrey	Godfrey	0
John	John	np1	John	John	0
Cunningham	Cunningham	np1	Cunningham	Cunningham	0
Henry	Henry	np1	Henry	Henry	0
Lane	Lane	n1	Lane	lane	0
George	George	np1	George	George	0
Walker	Walker	np1	Walker	Walker	0
Hannston	Hannston	np1	Hannston	Hannston	0
Andrew	Andrew	np1	Andrew	Andrew	0
Bailly	Bailly	np1	Bailly	Bailly	0
Daniel	Daniel	np1	Daniel	Daniel	0
Mons	Mons	fw-la	Mons	mons	0
.	.	.	.	.	1
Cuistion	Cuistion	np1	Cuistion	Cuistion	0
John	John	np1	John	John	0
Bailly	Bailly	np1	Bailly	Bailly	0
Robert	Robert	np1	Robert	Robert	0
Lyndsie	Lyndsie	np1	Lyndsie	Lyndsie	0
Francis	Francis	np1	Francis	Francis	0
Boyd	Boyd	np1	Boyd	Boyd	0
James	James	np1	James	James	0
Carr	Carr	np1	Carr	Carr	0
William	William	np1	William	William	0
Montgomery	Montgomery	np1	Montgomery	Montgomery	0
James	James	np1	James	James	0
Moore	Moore	np1	Moore	Moore	0
Nicholas	Nicholas	np1	Nicholas	Nicholas	0
White	White	np1	White	White	0
John	John	np1	John	John	0
Fuller	Fuller	np1	Fuller	Fuller	0
Thomas	Thomas	np1	Thomas	Thomas	0
Key	Key	n1	Key	key	0
Frederick	Frederick	np1	Frederick	Frederick	0
Kye	Kye	zz	Kye	kye	0
Thomas	Thomas	np1	Thomas	Thomas	0
Baker	Baker	np1	Baker	Baker	0
John	John	np1	John	John	0
Hering	Hering	j-vvg	Hearing	hear	0
James	James	np1	James	James	0
Hufton	Hufton	np1	Hufton	Hufton	0
Adam	Adam	np1	Adam	Adam	0
Downing	Downing	np1	Downing	Downing	0
Abraham	Abraham	np1	Abraham	Abraham	0
Hilhouse	Hilhouse	np1	Hilhouse	Hilhouse	0
John	John	np1	John	John	0
Mucholland	Mucholland	np1	Mucholland	Mucholland	0
Robert	Robert	np1	Robert	Robert	0
Bennet	Bennet	np1	Bennet	Bennet	0
William	William	np1	William	William	0
Dobbin	Dobbin	np1	Dobbin	Dobbin	0
George	George	np1	George	George	0
Garnet	Garnet	np1	Garnet	Garnet	0
James	James	np1	James	James	0
Barrington	Barrington	np1	Barrington	Barrington	0
Henry	Henry	np1	Henry	Henry	0
Pearse	Pearse	np1	Pearse	Pearse	0
Alexander	Alexander	np1	Alexander	Alexander	0
Ratliffe	Ratliffe	np1	Ratliffe	Ratliffe	0
Thomas	Thomas	np1	Thomas	Thomas	0
Odayre	Odayre	j	Odayre	odayre	0
John	John	np1	John	John	0
Hamilton	Hamilton	np1	Hamilton	Hamilton	0
Henry	Henry	np1	Henry	Henry	0
—	—	—	—	—	0
verett	verett	n1	verett	verett	0
Daniel	Daniel	np1	Daniel	Daniel	0
Fisher	Fisher	np1	Fisher	Fisher	0
John	John	np1	John	John	0
Cross	Cross	vvi	Cross	cross	0
William	William	np1	William	William	0
Cross	Cross	vvi	Cross	cross	0
Bernard	Bernard	np1	Bernard	Bernard	0
Mulhollan	Mulhollan	np1	Mulhollan	Mulhollan	0
David	David	np1	David	David	0
Mulhollan	Mulhollan	np1	Mulhollan	Mulhollan	0
Thomas	Thomas	np1	Thomas	Thomas	0
Conlay	Conlay	np1	Conlay	Conlay	0
Robert	Robert	np1	Robert	Robert	0
Skinner	Skinner	np1	Skinner	Skinner	0
Richard	Richard	np1	Richard	Richard	0
Robinson	Robinson	np1	Robinson	Robinson	0
Robert	Robert	np1	Robert	Robert	0
Maghlin	Maghlin	np1	Maghlin	Maghlin	0
Matthew	Matthew	np1	Matthew	Matthew	0
Clarke	Clarke	np1	Clarke	Clarke	0
John	John	np1	John	John	0
Clements	Clements	np1	Clements	Clements	0
VVilliam	VVilliam	np1	VVilliam	William	0
Manson	Manson	np1	Manson	Manson	0
Theophilus	Theophilus	np1	Theophilus	Theophilus	0
Manson	Manson	np1	Manson	Manson	0
James	James	np1	James	James	0
Manson	Manson	np1	Manson	Manson	1
