TO	TO	p-acp	TO	to	0
The	The	dt	The	the	0
right	right	n-jn	right	right	0
Worthy	Worthy	j	Worthy	worthy	0
and	and	cc	and	and	0
Reverend	Reverend	n-jn	Reverend	reverend	0
Mr	Mr	n1	Mr	mr.	0
David	David	np1	David	David	0
Dickson	Dickson	np1	Dickson	Dickson	0
,	,	,	,	,	0
Professor	Professor	n1	Professor	professor	0
of	of	pp-f	of	of	0
Theology	Theology	n1	Theology	theology	0
in	in	p-acp	in	in	0
the	the	dt	the	the	0
University	University	n1	University	university	0
of	of	pp-f	of	of	0
Edinburgh	Edinburgh	np1	Edinburgh	Edinburgh	0
:	:	:	:	:	0
Mr	Mr	n1	Mr	mr.	0
Ro	Ro	np1	Ro	Ro	0
∣	∣	sy	∣	∣	0
bert	bert	n1	bert	bert	0
Douglas	Douglas	np1	Douglas	Douglas	0
,	,	,	,	,	0
Mr	Mr	n1	Mr	mr.	0
Mungo	Mungo	np1	Mungo	Mungo	0
Law	Law	n1	Law	law	0
,	,	,	,	,	0
Mr	Mr	n1	Mr	mr.	0
George	George	np1	George	George	0
Hutchison	Hutchison	np1	Hutchison	Hutchison	0
,	,	,	,	,	0
Mr	Mr	n1	Mr	mr.	0
John	John	np1	John	John	0
Smith	Smith	n1	Smith	smith	0
,	,	,	,	,	0
Mr	Mr	n1	Mr	mr.	0
James	James	np1	James	James	0
Hammilton	Hammilton	np1	Hammilton	Hammilton	0
,	,	,	,	,	0
Mr	Mr	n1	Mr	mr.	0
Hugh	Hugh	np1	Hugh	Hugh	0
Mackel	Mackel	np1	Mackel	Mackel	0
,	,	,	,	,	0
Mr	Mr	n1	Mr	mr.	0
Robert	Robert	np1	Robert	Robert	0
Trail	Trail	np1	Trail	Trail	0
,	,	,	,	,	0
Mr	Mr	n1	Mr	mr.	0
Thomas	Thomas	np1	Thomas	Thomas	0
Garvy	Garvy	np1	Garvy	Garvy	0
,	,	,	,	,	0
Mr	Mr	n1	Mr	mr.	0
Robert	Robert	np1	Robert	Robert	0
Lawry	Lawry	np1	Lawry	Lawry	0
,	,	,	,	,	0
Mr	Mr	n1	Mr	mr.	0
John	John	np1	John	John	0
Stirling	Stirling	np1	Stirling	Stirling	0
,	,	,	,	,	0
&c.	&c.	av	etc.	etc	1
Mini	Mini	np1	Mini	Mini	0
∣	∣	sy	∣	∣	0
sters	sters	n1	sters	sters	0
of	of	pp-f	of	of	0
the	the	dt	the	the	0
Gospel	Gospel	n1	Gospel	gospel	0
at	at	p-acp	at	at	0
Edinburgh	Edinburgh	np1	Edinburgh	Edinburgh	0
,	,	,	,	,	1
