Yours	Yours	png22	Yours	you	0
humbly	humbly	av-j	humbly	humble	0
devotedin	devotedin	n1	devotedin	devotedin	0
the	the	dt	the	the	0
service	service	n1	service	service	0
of	of	pp-f	of	of	0
the	the	dt	the	the	0
Gospel	Gospel	n1	Gospel	gospel	0
.	.	.	.	.	1
Stephen	Stephen	np1	Stephen	Stephen	0
Marshall	Marshall	j	Marshal	martial	0
Jeremy	Jeremy	np1	Jeremy	Jeremy	0
Whitaker	Whitaker	np1	Whitaker	Whitaker	0
Edm.	Edm.	np1	Edm.	Edm.	0
calamy	calamy	n1	calamy	calamy	0
William	William	np1	William	William	0
Greenbill	Greenbill	np1	Greenbill	Greenbill	0
John	John	np1	John	John	0
Downam	Downam	np1	Downam	Downam	0
Philip	Philip	np1	Philip	Philip	0
Nye	Nye	np1	Nye	Nye	0
Syd	Syd	np1	Syd	Syd	0
.	.	.	.	.	1
Symptson	Symptson	np1	Symptson	Symptson	0
William	William	np1	William	William	0
Carler	Carler	np1	Carler	Carler	0
The	The	av	The	then	0
.	.	.	.	.	1
Goodwin	Goodwin	np1	Goodwin	Goodwin	0
The	The	av	The	then	0
.	.	.	.	.	1
Case	Case	n1	Case	case	0
Simeon	Simeon	np1	Simeon	Simeon	0
Asbe	Asbe	np1	Asbe	Asbe	0
Samuel	Samuel	np1	Samuel	Samuel	0
Bolton	Bolton	np1	Bolton	Bolton	0
.	.	.	.	.	1
